{
    "name": "root",
    "metadata": {
        "timer_format_version": "0.1.0",
        "start_time_seconds": "1766513461",
        "python_version": "3.9.13 (tags/v3.9.13:6de2ca5, May 17 2022, 16:36:42) [MSC v.1929 64 bit (AMD64)]",
        "command_line_arguments": "D:\\RL_2\\ml-agents\\venv\\Scripts\\mlagents-learn config/DoggyAgent.yaml --run-id=Doggy_Task_Run --resume --time-scale=40",
        "mlagents_version": "0.30.0",
        "mlagents_envs_version": "0.30.0",
        "communication_protocol_version": "1.5.0",
        "pytorch_version": "2.2.1+cpu",
        "numpy_version": "1.21.2",
        "end_time_seconds": "1766513493"
    },
    "total": 31.626860999999998,
    "count": 1,
    "self": 0.0044575999999949545,
    "children": {
        "run_training.setup": {
            "total": 0.07461439999999975,
            "count": 1,
            "self": 0.07461439999999975
        },
        "TrainerController.start_learning": {
            "total": 31.547789,
            "count": 1,
            "self": 0.04246990000002171,
            "children": {
                "TrainerController._reset_env": {
                    "total": 16.2285008,
                    "count": 1,
                    "self": 16.2285008
                },
                "TrainerController.advance": {
                    "total": 15.171880699999981,
                    "count": 2174,
                    "self": 0.03204070000004933,
                    "children": {
                        "env_step": {
                            "total": 15.139839999999932,
                            "count": 2174,
                            "self": 13.182119699999863,
                            "children": {
                                "SubprocessEnvManager._take_step": {
                                    "total": 1.9409114000000862,
                                    "count": 2174,
                                    "self": 0.07757069999998834,
                                    "children": {
                                        "TorchPolicy.evaluate": {
                                            "total": 1.8633407000000979,
                                            "count": 2151,
                                            "self": 1.8633407000000979
                                        }
                                    }
                                },
                                "workers": {
                                    "total": 0.01680889999998314,
                                    "count": 2173,
                                    "self": 0.0,
                                    "children": {
                                        "worker_root": {
                                            "total": 11.847590699999978,
                                            "count": 2173,
                                            "is_parallel": true,
                                            "self": 5.6453151999999704,
                                            "children": {
                                                "steps_from_proto": {
                                                    "total": 0.0004875000000001961,
                                                    "count": 1,
                                                    "is_parallel": true,
                                                    "self": 0.0002618999999999261,
                                                    "children": {
                                                        "_process_rank_one_or_two_observation": {
                                                            "total": 0.00022560000000027003,
                                                            "count": 2,
                                                            "is_parallel": true,
                                                            "self": 0.00022560000000027003
                                                        }
                                                    }
                                                },
                                                "UnityEnvironment.step": {
                                                    "total": 6.201788000000008,
                                                    "count": 2173,
                                                    "is_parallel": true,
                                                    "self": 0.10164800000006835,
                                                    "children": {
                                                        "UnityEnvironment._generate_step_input": {
                                                            "total": 0.09104690000004112,
                                                            "count": 2173,
                                                            "is_parallel": true,
                                                            "self": 0.09104690000004112
                                                        },
                                                        "communicator.exchange": {
                                                            "total": 5.683807400000017,
                                                            "count": 2173,
                                                            "is_parallel": true,
                                                            "self": 5.683807400000017
                                                        },
                                                        "steps_from_proto": {
                                                            "total": 0.3252856999998812,
                                                            "count": 2173,
                                                            "is_parallel": true,
                                                            "self": 0.18383179999971944,
                                                            "children": {
                                                                "_process_rank_one_or_two_observation": {
                                                                    "total": 0.14145390000016178,
                                                                    "count": 4346,
                                                                    "is_parallel": true,
                                                                    "self": 0.14145390000016178
                                                                }
                                                            }
                                                        }
                                                    }
                                                }
                                            }
                                        }
                                    }
                                }
                            }
                        }
                    }
                },
                "trainer_threads": {
                    "total": 5.4800000000909677e-05,
                    "count": 1,
                    "self": 5.4800000000909677e-05,
                    "children": {
                        "thread_root": {
                            "total": 0.0,
                            "count": 0,
                            "is_parallel": true,
                            "self": 0.0,
                            "children": {
                                "trainer_advance": {
                                    "total": 15.188518299999984,
                                    "count": 1001,
                                    "is_parallel": true,
                                    "self": 0.06370249999994115,